,url,domain,havingIP,getLength,tinyURL,redirection,httpDomain,web_traffic,ServerFormHandler,UsingPopupWindow,domainAge,domainEnd,NonStdPort,forwarding,rightClick
0,https://www.reynoldstransfer.com/versa-lift-fork-truck/,reynoldstransfer.com,0,0,0,0,0,0,1,-1,0,1,1,0,0
1,https://www.signets.com.br/wp-includes/wlwmanifest.xml,signets.com.br,0,0,0,0,0,1,1,-1,1,1,1,0,0
2,https://www.iwestco.com/virtual-consult/,iwestco.com,0,0,0,0,0,1,1,-1,0,1,1,0,0
3,https://www.millect.com/Plans/tabid/76/Default.aspx,millect.com,0,0,1,0,0,1,1,-1,0,1,1,0,0
4,https://www.sttas.com/,sttas.com,0,0,0,0,0,0,-1,-1,0,1,1,1,1
5,https://www.cytranet.com/category/blog/index.html,cytranet.com,0,0,1,0,0,1,0,-1,0,1,1,0,0
6,https://pervouralsk.interra.ru/,pervouralsk.interra.ru,0,0,0,0,0,0,1,-1,0,1,1,0,0
7,https://www.bright-group.ru/team/,bright-group.ru,0,0,0,0,0,0,1,-1,0,0,1,0,0
8,https://www.copyright.com/,copyright.com,0,0,1,0,0,1,1,-1,0,1,1,0,0
9,https://www.inner-calm.co.uk/,inner-calm.co.uk,0,0,0,0,0,1,1,-1,0,1,1,0,0
10,https://www.organicgourmetbcn.com/,organicgourmetbcn.com,0,0,0,0,0,1,1,-1,1,1,1,0,0
11,https://www.three-f.co.jp/contact/,three-f.co.jp,0,0,0,0,0,1,1,-1,1,1,1,0,0
12,https://www.keramidaslaw.com/auto-insurance-defense-lawyer/,keramidaslaw.com,0,0,0,0,0,1,1,-1,1,1,1,0,0
13,https://www.hitachi.com/New/cnews/index.html,hitachi.com,0,0,0,0,0,1,1,-1,0,1,1,0,0
14,https://www.epcollab.org/,epcollab.org,0,0,0,0,0,1,-1,-1,1,1,1,1,1
15,https://www.spokanecounty.org/9/How-Do-I,spokanecounty.org,0,0,0,0,0,0,1,-1,0,0,1,0,0
16,https://www.vgsi.com/taxpayer-info/,vgsi.com,0,0,0,0,0,1,1,-1,0,1,1,0,0
17,https://www.devastudios.com/work,devastudios.com,0,0,0,0,0,0,1,-1,0,1,1,0,0
18,https://www.factoryautomation.com/cpanel,factoryautomation.com,0,0,0,0,0,0,0,-1,0,0,1,0,0
19,https://www.audiblemagic.com/article-17/,audiblemagic.com,0,0,0,0,0,0,1,1,1,1,1,0,0
20,https://www.parksjones.com/educational-videos/,parksjones.com,0,0,0,0,0,1,0,-1,0,1,1,0,0
21,https://www.sjoukedijkstra.nl/infra/straatwerk,sjoukedijkstra.nl,0,0,0,0,0,1,1,-1,1,1,1,0,0
22,https://www.therapie-weidenhof.at/de/aktuelles/,therapie-weidenhof.at,0,0,0,0,0,1,1,-1,1,1,1,0,0
23,https://www.southerncef.org/html/promotional_materials.html,southerncef.org,0,0,0,0,0,1,1,-1,0,1,1,0,0
24,https://www.megamidia.com.br/live-content/,megamidia.com.br,0,0,0,0,0,1,0,-1,1,1,1,0,0
25,https://cms.tournet.com/Vendor_subscriptions/Subscriptions.html,cms.tournet.com,0,0,1,0,0,1,0,-1,0,0,1,0,0
26,https://www.vptrend.cz/kategorie_vyplni/020-klasicke/,vptrend.cz,0,0,0,0,0,1,1,-1,0,1,1,0,0
27,https://gruppovis.it/landing-page/ford-kuga-plug-in-hybrid/,gruppovis.it,0,0,0,0,0,0,0,-1,0,0,1,0,0
28,https://www.jetair.co.uk/aircraft-charter/oil-gas-marine/crew-rotation-charters,jetair.co.uk,0,0,0,0,0,1,1,-1,0,1,1,0,0
29,https://www.jillyclark.com/background.html,jillyclark.com,0,0,0,0,0,1,1,-1,1,1,1,0,0
30,https://www.portofbrownsville.com/about/harbor-master-office/,portofbrownsville.com,0,0,0,0,0,0,1,-1,1,1,1,0,0
31,https://www.anvitrade.cz/images/fb.svg,anvitrade.cz,0,0,0,0,0,1,1,-1,0,0,1,0,0
32,https://www.cabreraauto.com/new-cadillac-xt6-arecibo-pr,cabreraauto.com,0,0,0,0,0,0,1,-1,1,1,1,0,0
33,http://cooperwalinski.com/2021/01/22/3-types-of-fitness-programs-for-patients-with-severe-lower-limb-arthritis/,cooperwalinski.com,0,0,0,0,0,1,1,-1,0,1,1,0,0
34,https://www.gyropalacemerrick.com/assets/favicon/safari-pinned-tab-c09e97d664f82a07a74ebf57eb221d2d1fbf46a3d53345d334f06825f9349d2f.svg,gyropalacemerrick.com,0,0,0,0,0,1,1,-1,1,0,1,0,0
35,https://www.airsprung-group.co.uk/,airsprung-group.co.uk,0,0,0,0,0,1,1,-1,0,1,1,0,0
36,https://www.akvalis.com/services/sajtfon/,akvalis.com,0,0,0,0,0,1,-1,-1,1,1,1,1,1
37,https://www.capdrill.com/services/exploration-drilling,capdrill.com,0,0,0,0,0,0,0,-1,0,1,1,0,0
38,https://www.wcloudus.com/about-white-cloud.html,wcloudus.com,0,0,0,0,0,1,0,-1,0,1,1,0,0
39,https://www.oade.com/Tapers_Section/faq-mic.html,oade.com,0,0,0,0,0,0,1,-1,1,1,1,0,0
40,https://www.sapphirek12.com/software/learning-management-system/,sapphirek12.com,0,0,0,0,0,1,1,-1,0,1,1,0,0
41,https://www.philipwilliams.co.uk/Home,philipwilliams.co.uk,0,0,0,0,0,1,1,-1,0,0,1,0,0
42,https://www.msctrustgate.com/IDCenter.php,msctrustgate.com,0,0,0,0,0,0,1,-1,0,1,1,0,0
43,https://www.gamma-service.it/news/,gamma-service.it,0,0,0,0,0,1,1,-1,0,1,1,0,0
44,https://www.afxindustries.com/,afxindustries.com,0,0,0,0,0,1,1,-1,1,1,1,0,0
45,https://www.proclinical.com/about-proclinical,proclinical.com,0,0,0,0,0,0,1,-1,0,0,1,0,0
46,https://www.ilandcloud.com/services/locations/,ilandcloud.com,0,0,0,0,0,0,0,-1,0,1,1,0,0
47,https://www.chardonnay.com/public-charters/champagne-brunch-charter/,chardonnay.com,0,0,0,0,0,0,1,-1,1,1,1,0,0
48,https://www.ldd.ca/real-estate,ldd.ca,0,0,0,0,0,0,0,-1,0,1,1,0,0
49,https://www.paragonsports.com/products/radical-mp-graphene-360,paragonsports.com,0,0,0,0,0,0,1,-1,0,1,1,0,0
50,https://www.fux-eg.org/kontakt/,fux-eg.org,0,0,0,0,0,0,1,-1,0,0,1,0,0
51,https://www.readysetauction.com/policies/privacy-security/,readysetauction.com,0,0,0,0,0,0,0,-1,0,0,1,0,0
52,https://www.aegisliving.com/services/memory-care/,aegisliving.com,0,0,0,0,0,0,1,-1,0,1,1,0,0
53,https://www.portopia.co.jp/convention/,portopia.co.jp,0,0,0,0,0,0,1,-1,1,1,1,0,0
54,https://www.ciktrb.ru/projects/28/,ciktrb.ru,0,0,0,0,0,1,-1,-1,0,0,1,1,1
55,https://www.4129.net/higashiyama/menu,4129.net,0,0,0,0,0,0,1,-1,1,1,1,0,0
56,https://medicaldatamgt.com/services.aspx,medicaldatamgt.com,0,0,1,0,0,1,0,-1,0,0,1,0,0
57,https://www.alfa.com.mx/RI/presentaciones.htm,alfa.com.mx,0,0,0,0,0,0,1,-1,0,1,1,0,0
58,https://crespeldeitersgroup.com/de/feed/,crespeldeitersgroup.com,0,0,0,0,0,0,1,-1,0,1,1,0,0
59,https://www.gmfcapital.com/site/templates/assets/img/icons/manifest.json,gmfcapital.com,0,0,0,0,0,1,1,-1,0,1,1,0,0
60,https://www.pumori.ru/factory/,pumori.ru,0,0,0,0,0,0,0,-1,0,0,1,0,0
61,https://www.keybase.com/index.php/contact-us/ask-a-question,keybase.com,0,0,0,0,0,0,0,-1,0,1,1,0,0
62,https://www.dagrofa-logistik.dk/om-os/historie/,dagrofa-logistik.dk,0,0,0,0,0,0,1,-1,0,0,1,0,0
63,https://www.drrich.net/airplay-chart/,drrich.net,0,0,0,0,0,1,-1,-1,1,1,1,1,1
64,https://www.kuhnen-wacker.com/,kuhnen-wacker.com,0,0,0,0,0,1,1,-1,1,1,1,0,0
65,https://www.uni-techno.co.jp/activity.html,uni-techno.co.jp,0,0,0,0,0,1,1,1,1,1,1,0,0
66,https://www.artvision.com.gr/blog/services/video-gia-xrisi-sto-diadiktuo/,artvision.com.gr,0,0,0,0,0,1,1,1,1,1,1,0,0
67,https://www.espinozatreeservice.net/contact,espinozatreeservice.net,0,0,0,0,0,1,1,-1,1,1,1,0,0
68,https://www.libra.com.mx/PuntodeVenta,libra.com.mx,0,0,0,0,0,1,1,-1,0,1,1,0,0
69,https://www.allinteractive.com.au/facilities/,allinteractive.com.au,0,0,0,0,0,0,1,-1,1,1,1,0,0
70,https://www.csgm.si/delavci-oe-ze/,csgm.si,0,0,0,0,0,0,1,-1,0,1,1,0,0
71,https://www.gosmallbiz.com/,gosmallbiz.com,0,0,0,0,0,0,1,-1,1,1,1,0,0
72,https://www.sterncassello.com/links.html,sterncassello.com,0,0,0,0,0,1,1,-1,0,1,1,0,0
73,https://www.datacomsystems.com/solutions-for-manufacturing/,datacomsystems.com,0,0,0,0,0,0,1,-1,1,1,1,0,0
74,https://www.cosentinos.com/our-story,cosentinos.com,0,0,0,0,0,0,1,-1,0,1,1,0,0
75,https://www.milehichurch.org/watch/,milehichurch.org,0,0,0,0,0,0,1,-1,0,0,1,0,0
76,https://www.chubu-gu.ac.jp/,chubu-gu.ac.jp,0,0,0,0,0,0,0,-1,1,1,1,0,0
77,https://www.neuromics.com/,neuromics.com,0,0,0,0,0,0,1,-1,0,1,1,0,0
78,https://res.cloudinary.com/iconcdn/image/upload/q_auto/nordictrack.com/cdn/images/icons/icn_cart.svg,res.cloudinary.com,0,0,0,0,0,1,1,-1,0,1,1,0,0
79,https://www.identigraphix.com/services/variable-data.html,identigraphix.com,0,0,1,0,0,1,1,-1,0,1,1,0,0
80,https://www.ktng.com/vision,ktng.com,0,0,0,0,0,0,1,1,1,1,1,0,0
81,https://www.edelman.com/work,edelman.com,0,0,0,0,0,1,0,-1,1,1,1,0,0
82,https://www.dumouchelle.com/Contact,dumouchelle.com,0,0,0,0,0,1,1,-1,1,1,1,0,0
83,https://www.conectaw.com.br/planos.php,conectaw.com.br,0,0,0,0,0,1,-1,-1,1,1,1,1,1
84,https://www.hc-labo.co.jp/pdf_nav/namemeaning_3/,hc-labo.co.jp,0,0,0,0,0,0,1,-1,1,1,1,0,0
85,https://www.iksoris.pl/nasze-realizacje.html,iksoris.pl,0,0,0,0,0,0,1,-1,0,0,1,0,0
86,https://www.zzsol.cz/nase-sluzby/projekty,zzsol.cz,0,0,0,0,0,1,1,-1,0,0,1,0,0
87,https://www.ambenv.com/wp-json/,ambenv.com,0,0,0,0,0,1,1,-1,1,1,1,0,0
88,https://www.yarnet.ru/fun/,yarnet.ru,0,0,0,0,0,0,1,-1,0,1,1,0,0
89,https://www.uchimura.co.jp/en/products/,uchimura.co.jp,0,0,0,0,0,0,1,-1,1,1,1,0,0
90,https://www.gracenote.com/video/streaming-video-suite/,gracenote.com,0,0,0,0,0,1,1,-1,0,1,1,0,0
91,https://www.techquadrat.at/karriere-chance/,techquadrat.at,0,0,0,0,0,0,1,-1,1,1,1,0,0
92,https://www.uniworld.com/,uniworld.com,0,0,0,0,0,0,1,-1,0,1,1,0,0
93,https://www.ub.edu.ar/,ub.edu.ar,0,0,0,0,0,0,0,-1,1,1,1,0,0
94,https://www.flattownmusic.com/swamp-gold-series/,flattownmusic.com,0,0,0,0,0,0,1,-1,1,1,1,0,0
95,https://www.ritmoshoes.it/,ritmoshoes.it,0,0,0,0,0,0,0,-1,0,0,1,0,0
96,https://www.pwcs.com.au/community-environment/community-relationships/,pwcs.com.au,0,0,0,0,0,0,1,-1,1,1,1,0,0
97,http://www.michiganlegalhelp.org/,michiganlegalhelp.org,0,0,0,0,0,0,0,-1,0,1,1,0,0
98,https://www.bilkom.com.tr/apple-ailesi/,bilkom.com.tr,0,0,0,0,0,0,-1,-1,0,0,1,1,1
99,https://www.emasis.com/news,emasis.com,0,0,0,0,0,1,-1,-1,0,0,1,1,1
100,https://www.commucon.com/products.html,commucon.com,0,0,0,0,0,1,1,-1,0,1,1,0,0
101,https://www.cesra.de/feed/,cesra.de,0,0,0,0,0,1,1,-1,1,1,1,0,0
102,https://www.justanotherhost.net/products/seo,justanotherhost.net,0,0,0,0,0,1,1,-1,1,0,1,0,0
103,https://www.ainedter.com/,ainedter.com,0,0,0,0,0,0,1,-1,1,1,1,0,0
104,https://www.smartmatic.com/about/,smartmatic.com,0,0,0,0,0,0,1,-1,0,1,1,0,0
105,https://www.drapervalleyfarms.com/brands/roxy-the-organic-chicken/,drapervalleyfarms.com,0,0,0,0,0,0,1,-1,1,1,1,0,0
106,https://www.contractleasing.net/fleet-services/fleet-consulting/,contractleasing.net,0,0,0,0,0,0,1,-1,0,1,1,0,0
107,https://www.petesfresh.com/newsletter,petesfresh.com,0,0,0,0,0,0,0,-1,1,1,1,0,0
108,https://www.vima.fi/,vima.fi,0,0,0,0,0,1,1,-1,0,1,1,0,0
109,https://www.bluegrasscellular.com/phones.html,bluegrasscellular.com,0,0,0,0,0,0,-1,-1,0,1,1,1,0
110,https://www.tsra.org/wp-content/uploads/2019/11/Restrictions.pdf,tsra.org,0,0,0,0,0,0,1,-1,0,1,1,0,0
111,https://www.oplax.fi/varastolavat/,oplax.fi,0,0,0,0,0,1,1,-1,0,1,1,0,0
112,https://www.visitjacksonville.com/food-drink/,visitjacksonville.com,0,0,0,0,0,0,0,-1,0,1,1,0,0
113,https://www.brif.kz/nazvanie-zapisi-2/,brif.kz,0,0,0,0,0,0,1,-1,1,1,1,0,0
114,https://www.ysura.com/de/media,ysura.com,0,0,0,0,0,1,1,-1,0,0,1,0,0
115,https://www.ufgca.com/,ufgca.com,0,0,0,0,0,0,1,-1,0,1,1,0,0
116,https://www.winevalleylodge.com/index.html,winevalleylodge.com,0,0,0,0,0,1,1,1,1,0,1,0,0
117,https://www.hops.hr/vijesti/dan-planeta-zemlje,hops.hr,0,0,0,0,0,0,0,-1,0,1,1,0,0
118,https://www.ruemmelebau.com/bauen/referenzen/,ruemmelebau.com,0,0,0,0,0,1,1,-1,1,1,1,0,0
119,https://www.ankenyfirst.org/employment-first.htm,ankenyfirst.org,0,0,0,0,0,0,0,-1,0,1,1,0,0
120,https://i-readycentral.com/familycenter/,i-readycentral.com,0,0,0,0,0,0,1,-1,1,1,1,0,0
121,https://www.groja.de/produkte/grojaliving/vorgartenzaeune,groja.de,0,0,0,0,0,0,0,-1,1,1,1,0,0
122,https://www.urc.com.ph/,urc.com.ph,0,0,0,0,0,0,1,-1,1,1,1,0,0
123,https://www.bmsoft.de/leistungen/it-service-support/it-service-berlin/,bmsoft.de,0,0,0,0,0,0,1,-1,1,1,1,0,0
124,https://www.quantumvd.com.au/contact.html,quantumvd.com.au,0,0,0,0,0,1,-1,-1,1,1,1,1,1
125,https://www.malayan.com/news,malayan.com,0,0,0,0,0,0,1,-1,0,1,1,0,0
126,https://www.cameron.edu/press-releases,cameron.edu,0,0,0,0,0,0,0,-1,1,1,1,0,0
127,https://www.merca.cl/proyecto/daniela-ropert/,merca.cl,0,0,0,0,0,1,1,-1,0,1,1,0,0
128,https://www.facethemusicblues.com/leadership-development,facethemusicblues.com,0,0,0,0,0,1,0,-1,0,1,1,0,0
129,https://www.117.ne.jp/service/option/virtualdomain/,117.ne.jp,0,0,0,0,0,0,1,-1,1,1,1,0,0
130,https://www.matyska.cz/internetove-obchody,matyska.cz,0,0,0,0,0,1,0,-1,0,1,1,0,0
131,https://www.raisaenergy.com/faqs-and-glossary,raisaenergy.com,0,0,0,0,0,1,-1,-1,1,1,1,1,1
132,http://www.linkedin.com/company/crown-point-solutions,linkedin.com,0,0,0,0,0,1,1,-1,1,1,1,0,0
133,https://www.drlaurapetvet.com/veterinary-services,drlaurapetvet.com,0,0,1,0,0,1,1,-1,1,1,1,0,0
134,https://www.leaffilter.com/company/careers/,leaffilter.com,0,0,0,0,0,0,1,-1,0,0,1,0,0
135,https://www.acrismatic.es/sobre-nosotros/,acrismatic.es,0,0,0,0,0,1,-1,-1,1,1,1,1,1
136,https://www.fpsb.org/news/financial-planning-standards-board-names-experts-from-brazil-south-africa-and-the-u-s-to-global-standards-committee/,fpsb.org,0,0,0,0,0,0,1,-1,0,1,1,0,0
137,http://www.adaspn.it/home.html,adaspn.it,0,0,0,0,0,1,1,-1,0,1,1,0,0
138,https://www.barrault.com/le-groupe/actualites/,barrault.com,0,0,1,0,0,0,1,-1,1,1,1,0,0
139,https://www.ryangroup.net/press,ryangroup.net,0,0,0,0,0,0,0,-1,0,1,1,0,0
140,https://www.ctbto.org/press-centre/news-stories/2021/10-years-on-from-japans-triple-tragedy-ctbto-and-disaster-risks/,ctbto.org,0,0,0,0,0,0,0,-1,0,1,1,0,0
141,https://www.zeroone.net/assets/img/overlay-spinner.svg,zeroone.net,0,0,0,0,0,0,1,-1,0,0,1,0,0
142,https://www.frontiermkt.com/,frontiermkt.com,0,0,1,0,0,1,-1,-1,1,1,1,1,1
143,https://www.luthercare.org/community/welcome-to-st-johns-herr-estate/,luthercare.org,0,0,0,0,0,0,1,-1,0,1,1,0,0
144,https://www.workstrategy.com/company.html,workstrategy.com,0,0,0,0,0,1,1,-1,0,1,1,0,0
145,https://www.adpersonam.pr.it/nostri-servizi.aspx,adpersonam.pr.it,0,0,0,0,0,0,0,1,0,0,1,0,0
146,https://www.glastonburyus.org/adulted,glastonburyus.org,0,0,0,0,0,0,1,-1,0,1,1,0,0
147,https://www.draguscapital.com/pt/servicios.html,draguscapital.com,0,0,0,0,0,1,1,-1,0,1,1,0,0
148,https://www.hmhllc.com/,hmhllc.com,0,0,0,0,0,1,1,-1,1,1,1,0,0
149,https://www.caddis.co/work,caddis.co,0,0,0,0,0,1,1,-1,0,1,1,0,0
150,http://www.livinghistoryassn.org/forms/2018_LHA_Membership_Application.pdf,livinghistoryassn.org,0,0,0,0,0,1,1,-1,0,1,1,0,0
151,https://www.rey-betonwerk.de/elementdecken,rey-betonwerk.de,0,0,0,0,0,1,1,-1,1,1,1,0,0
152,https://goo.gl/maps/7FjVSpkTW172,goo.gl,0,0,1,0,0,1,1,-1,1,1,1,0,0
153,https://www.west-windconsulting.com/,west-windconsulting.com,0,0,0,0,0,1,1,-1,1,1,1,0,0
154,https://www.improcom.com/shop,improcom.com,0,0,0,0,0,0,1,-1,0,1,1,0,0
155,https://www.journeysinternational.com/,journeysinternational.com,0,0,0,0,0,1,1,-1,0,0,1,0,0
156,https://www.townofdublin.org/boards,townofdublin.org,0,0,0,0,0,0,0,-1,0,0,1,0,0
157,https://www.fujikawa-net.co.jp/tv/street_camera.php,fujikawa-net.co.jp,0,0,1,0,0,1,1,-1,1,1,1,0,0
158,https://www.crnwireless.com/product-and-solutions-overview/,crnwireless.com,0,0,0,0,0,1,1,-1,0,1,1,0,0
159,https://www.tswfast.com/Account.do,tswfast.com,0,0,1,0,0,1,1,-1,0,0,1,0,0
160,https://www.dukeshotel.com/contact/,dukeshotel.com,0,0,0,0,0,0,1,-1,1,0,1,0,0
161,https://www.tlgaerospace.com/services/overview/,tlgaerospace.com,0,0,0,0,0,0,1,-1,0,1,1,0,0
162,https://www.avans.nl/over-avans/alumni,avans.nl,0,0,0,0,0,1,0,-1,1,1,1,0,0
163,https://www.adlens.com/careers/,adlens.com,0,0,0,0,0,0,1,-1,0,1,1,0,0
164,https://www.mectro.no/kretskortmontasje.html,mectro.no,0,0,0,0,0,1,1,-1,1,1,1,0,0
165,https://www.ion-systems.net/wp-includes/wlwmanifest.xml,ion-systems.net,0,0,0,0,0,1,1,-1,0,1,1,0,0
166,https://www.wfsdallas.com/about,wfsdallas.com,0,0,0,0,0,0,1,-1,0,1,1,0,0
167,https://www.frisq.se/care/,frisq.se,0,0,0,0,0,0,1,-1,0,1,1,0,0
168,https://www.tdm.de/feed/,tdm.de,0,0,0,0,0,0,1,-1,1,1,1,0,0
169,https://www.fredburackco.com/fred_burack_co_inc,fredburackco.com,0,0,0,0,0,1,-1,-1,0,0,1,1,1
170,https://pokagonfund.org/what-we-fund/funding-focus,pokagonfund.org,0,0,0,0,0,1,1,-1,0,1,1,0,0
171,https://www.centrelakeimaging.com/services,centrelakeimaging.com,0,0,0,0,0,0,-1,-1,0,0,1,1,1
172,https://www.annapoliscopy.com/order/,annapoliscopy.com,0,0,0,0,0,1,0,-1,0,1,1,0,0
173,https://www.fornex.com/,fornex.com,0,0,1,0,0,0,1,-1,0,1,1,0,0
174,https://www.yogurt-land.com/realrewards,yogurt-land.com,0,0,0,0,0,0,1,-1,1,1,1,0,0
175,http://hcet.org/services/program-support-evaluation,hcet.org,0,0,0,0,0,0,1,-1,0,1,1,0,0
176,https://www.broadcastsolutions.tv/feed/,broadcastsolutions.tv,0,0,0,0,0,1,1,-1,0,1,1,0,0
177,https://www.arduc.co.jp/wp/contact,arduc.co.jp,0,0,0,0,0,1,-1,-1,1,1,1,0,0
178,https://twitter.com/richardsondsgn,twitter.com,0,0,0,0,0,1,-1,-1,1,0,1,0,0
179,https://www.metalassemblies.co.uk/services/tool-making/,metalassemblies.co.uk,0,0,0,0,0,1,1,-1,0,0,1,0,0
180,https://www.icfoss.org/media/ringback.ogg,icfoss.org,0,0,0,0,0,0,-1,-1,0,1,1,1,1
181,https://www.encorerehab.com/patients/what-to-expect,encorerehab.com,0,0,0,0,0,0,1,-1,0,1,1,0,0
182,https://www.eyeled.de/blog/,eyeled.de,0,0,0,0,0,1,1,-1,1,1,1,0,0
183,https://www.thesagamoreclub.com/contact/directions,thesagamoreclub.com,0,0,0,0,0,0,0,-1,0,1,1,0,0
184,https://www.alumaform.com/primary-meter-mounts.html,alumaform.com,0,0,0,0,0,0,0,-1,0,1,1,0,0
185,https://www.sarbakan.com/index.php/fr-ca/,sarbakan.com,0,0,0,0,0,0,1,-1,0,1,1,0,0
186,https://www.lotionsandpotions.com/info.html,lotionsandpotions.com,0,0,0,0,0,0,-1,-1,0,1,1,1,1
187,https://www.opulentcloud.co/contact-us/,opulentcloud.co,0,0,0,0,0,0,1,1,0,0,1,0,0
188,https://www.pricecommunications.net/news,pricecommunications.net,0,0,0,0,0,1,0,-1,0,1,1,0,0
189,https://www.uobkayhian.com/agm.html,uobkayhian.com,0,0,0,0,0,0,1,-1,1,0,1,0,0
190,https://www.ablediecasting.com/,ablediecasting.com,0,0,0,0,0,1,-1,-1,1,1,1,1,1
191,https://www.tecnirede.pt/index.php,tecnirede.pt,0,0,0,0,0,1,1,-1,1,1,1,0,0
192,http://pubs.sigtn.com/930/,pubs.sigtn.com,0,0,0,0,0,0,1,-1,0,1,1,0,0
193,https://www.xinflix.net/,xinflix.net,0,0,0,0,0,1,-1,-1,0,0,1,1,1
194,https://www.genmarkautomation.com/news.html,genmarkautomation.com,0,0,0,0,0,0,0,-1,0,1,1,0,0
195,https://www.kerlincapital.com/mergers.php,kerlincapital.com,0,0,0,0,0,1,-1,-1,0,0,1,1,1
196,https://www.kopdat.hu/hu/kozbeszerzesek,kopdat.hu,0,0,0,0,0,0,0,-1,1,1,1,0,0
197,https://www.volumeapparel.com/terms.asp,volumeapparel.com,0,0,0,0,0,0,0,-1,0,0,1,0,0
198,https://www.northgatelighting.co.uk/comments/feed/,northgatelighting.co.uk,0,0,0,0,0,1,1,-1,0,1,1,0,0
199,https://www.asd-inc.co.jp/,asd-inc.co.jp,0,0,0,0,0,1,1,-1,1,1,1,0,0
200,https://www.tresor.tv/produktionen/,tresor.tv,0,0,0,0,0,0,1,-1,0,1,1,0,0
201,https://www.carstenrehder.de/services/,carstenrehder.de,0,0,0,0,0,1,1,-1,1,1,1,0,0
202,https://www.casaba.com/jobs,casaba.com,0,0,0,0,0,1,1,-1,1,1,1,0,0
203,https://www.gamesgrid.com/,gamesgrid.com,0,0,0,0,0,1,0,-1,0,1,1,0,0
204,https://www.unifiednetworksolutions.com/resources/blog/,unifiednetworksolutions.com,0,0,0,0,0,1,1,-1,1,0,1,0,0
205,https://www.guide.nl/service/,guide.nl,0,0,0,0,0,1,0,-1,1,1,1,0,0
206,https://www.trinitynetworx.com/office-365/,trinitynetworx.com,0,0,1,0,0,0,1,-1,0,0,1,0,0
207,https://www.slcearch.com/in-memoriam-al-efron/,slcearch.com,0,0,0,0,0,0,1,-1,0,1,1,0,0
208,https://www.flyymm.com/parking,flyymm.com,0,0,0,0,0,0,1,-1,0,1,1,0,0
209,http://www.mylocker.net/my/shop/oratory-prep-booster-club/index.html,mylocker.net,0,0,0,0,0,0,1,-1,0,1,1,0,0
210,https://www.creowave.com/c-site-presentation/,creowave.com,0,0,0,0,0,1,1,-1,0,0,1,0,0
211,https://www.elhogarinc.org/feed/,elhogarinc.org,0,0,0,0,0,0,1,-1,0,1,1,0,0
212,https://www.crescentboatclub.com/commodores-dinner-2018.html,crescentboatclub.com,0,0,0,0,0,1,-1,-1,0,1,1,1,1
213,https://www.pan-it.at/it-sicherheit-datenschutz,pan-it.at,0,0,0,0,0,1,1,-1,1,1,1,0,0
214,https://www.auburnhospital.org/comments/feed/,auburnhospital.org,0,0,0,0,0,0,1,-1,0,1,1,0,0
215,http://goo.gl/maps/8oz5a,goo.gl,0,0,1,0,0,1,1,-1,1,1,1,1,0
216,https://www.acirc.com.br/noticias:informativos-acirc,acirc.com.br,0,0,0,0,0,1,-1,-1,1,1,1,1,1
217,https://www.tektreker.com/index.html,tektreker.com,0,0,0,0,0,1,1,-1,0,1,1,0,0
218,https://www.ergon.nl/werkgevers/ergon-werkleerbedrijven,ergon.nl,0,0,0,0,0,0,0,-1,1,1,1,0,0
219,https://www.art-tec.co.jp/business/,art-tec.co.jp,0,0,0,0,0,1,1,-1,1,1,1,0,0
220,https://www.precisionsample.com/,precisionsample.com,0,0,0,0,0,0,1,-1,0,0,1,0,0
221,https://www.ndk-m.co.jp/equipment-assembly/,ndk-m.co.jp,0,0,0,0,0,1,1,-1,1,1,1,0,0
222,https://www.r1group.it/,r1group.it,0,0,0,0,0,0,1,-1,0,0,1,0,0
223,https://www.logicweb.com/ssl-certificates/,logicweb.com,0,0,0,0,0,0,1,-1,1,1,1,0,0
224,https://secure.collage.co/jobs/harbinger/18889,secure.collage.co,0,0,0,0,0,0,1,-1,0,1,1,0,0
225,https://www.jedco.gov.jo/,jedco.gov.jo,0,0,0,0,0,0,0,-1,1,1,1,0,0
226,https://www.partstat.com/case-studies/summary,partstat.com,0,0,1,0,0,0,1,-1,1,1,1,0,0
227,https://www.grymca.org/locations,grymca.org,0,0,0,0,0,0,1,-1,0,1,1,0,0
228,https://www.greyston.org/impact-statistics,greyston.org,0,0,0,0,0,0,1,-1,0,1,1,0,0
229,https://www.savoirfairecie.com/artists/club-cheval,savoirfairecie.com,0,0,0,0,0,1,-1,-1,0,1,1,1,1
230,https://www.sreal.at/de/immo-live,sreal.at,0,0,0,0,0,0,0,-1,1,1,1,0,0
231,https://www.commonwealthfund.org/costs-and-spending,commonwealthfund.org,0,0,0,0,0,0,0,-1,0,0,1,0,0
232,https://www.people4.net/housing,people4.net,0,0,0,0,0,1,0,-1,0,1,1,0,0
233,https://www.quailridgecc.com/,quailridgecc.com,0,0,0,0,0,0,0,-1,0,1,1,0,0
234,https://support.squarespace.com/hc/articles/205814418,support.squarespace.com,0,0,0,0,0,1,0,-1,1,1,1,0,0
235,http://www.farben.com.br/trabalhe_conosco,farben.com.br,0,0,0,0,0,0,1,-1,1,1,1,0,0
236,https://www.chghospitals.com/services/,chghospitals.com,0,0,0,0,0,0,1,-1,0,1,1,0,0
237,https://www.vns.org/home-care-services,vns.org,0,0,0,0,0,1,0,-1,0,1,1,0,0
238,https://www.silpada.com/customer-account/profile,silpada.com,0,0,0,0,0,0,1,-1,0,1,1,0,0
239,https://uploads-ssl.webflow.com/607d9ae590b1a751b6f9709b/608ad431ae63588384f4da5e_Telehandler_Grey.svg,uploads-ssl.webflow.com,0,0,0,0,0,1,1,-1,0,1,1,0,0
240,https://www.g-o.be/,g-o.be,0,0,0,0,0,0,0,-1,1,1,1,0,0
241,https://www.appliedi.net/,appliedi.net,0,0,0,0,0,0,1,-1,0,1,1,0,0
242,https://www.igrejinha.rs.gov.br/home,igrejinha.rs.gov.br,0,0,0,0,0,0,0,-1,1,1,1,0,0
243,https://www.rahvalor.com/contact-rahvalor.html,rahvalor.com,0,0,0,0,0,1,0,-1,0,1,1,0,0
244,https://www.beta.com.gt/historia.html,beta.com.gt,0,0,0,0,0,1,-1,-1,1,1,1,1,1
245,https://www.fujimic.com/solution/workstyle/index.html,fujimic.com,0,0,0,0,0,0,1,-1,1,1,1,0,0
246,https://www.revisorkollegiet.no/om-oss/med-lidenskap-for-tall,revisorkollegiet.no,0,0,0,0,0,0,0,-1,1,1,1,0,0
247,https://www.budgetbroodjes.nl/images/v2/twitter.svg,budgetbroodjes.nl,0,0,0,0,0,0,1,-1,1,1,1,0,0
248,https://www.lotto-rlp.de/,lotto-rlp.de,0,0,0,0,0,0,1,-1,1,1,1,0,0
249,https://www.ucon.com.ua/,ucon.com.ua,0,0,0,0,0,1,1,-1,1,1,1,0,0
250,https://www.infas.com/pp-ourbusiness.html,infas.com,0,0,0,0,0,1,1,-1,0,1,1,0,0
251,https://www.mplavoro.it/offerte-lavoro/addetto-laboratorio-ceramico-a-fiorano-modenese/,mplavoro.it,0,0,0,0,0,0,1,-1,0,0,1,0,0
252,https://www.softmart.com/,softmart.com,0,0,1,0,0,1,-1,-1,0,1,1,1,1
253,https://www.southpointpets.com/new-page-1,southpointpets.com,0,0,0,0,0,0,1,-1,0,1,1,0,0
254,https://www.gbv.at/,gbv.at,0,0,0,0,0,0,0,1,1,1,1,0,0
255,https://www.solberg.se/,solberg.se,0,0,0,0,0,1,0,-1,0,0,1,0,0
256,https://www.rmhcswfl.org/our-impact/,rmhcswfl.org,0,0,0,0,0,1,1,-1,0,1,1,0,0
257,https://www.foxlink.com/comments/feed/,foxlink.com,0,0,0,0,0,0,-1,-1,0,1,1,1,1
258,https://www.kryo.cz/produkty.html,kryo.cz,0,0,0,0,0,1,1,-1,0,1,1,0,0
259,https://www.wilshirecountryclub.com/,wilshirecountryclub.com,0,0,0,0,0,0,0,-1,0,0,1,0,0
260,https://www.beatitudehouse.org/make-a-donation/,beatitudehouse.org,0,0,0,0,0,1,1,-1,0,1,1,0,0
261,https://www.helpme.de/,helpme.de,0,0,0,0,0,1,0,-1,1,1,1,0,0
262,https://www.procarept.org/services,procarept.org,0,0,0,0,0,1,0,-1,0,0,1,0,0
263,https://www.metahouse.org/donate-index,metahouse.org,0,0,0,0,0,1,0,-1,0,1,1,0,0
264,https://lipis.github.io/flag-icon-css/flags/4x3/ch.svg,lipis.github.io,0,0,0,0,0,0,1,-1,1,1,1,0,0
265,https://www.bariatrix.com/en/about-us/who-we-are.html,bariatrix.com,0,0,1,0,0,0,0,1,0,1,1,0,0
266,https://www.czechinn.cz/personal,czechinn.cz,0,0,0,0,0,0,0,-1,1,1,1,0,0
267,https://www.fh-muenster.de/studium/studienberatung/studienberatung.php,fh-muenster.de,0,0,0,0,0,0,0,-1,1,1,1,0,0
268,https://www.ashmanagementgroup.com/residential/481-osborne-street,ashmanagementgroup.com,0,0,0,0,0,0,1,-1,0,1,1,0,0
269,https://www.orizont.net/,orizont.net,0,0,0,0,0,1,1,-1,1,1,1,0,0
270,https://www.tritec.de/about/,tritec.de,0,0,0,0,0,1,1,-1,1,1,1,0,0
271,http://noticias.sorocaba.sp.gov.br/prefeitura-e-saae-ampliam-caixa-dagua-social-para-atender-mais-300-familias/,noticias.sorocaba.sp.gov.br,0,0,0,0,0,0,-1,-1,1,1,1,1,1
272,https://www.mauchchunktrust.com/Business-Convenience-Services.aspx,mauchchunktrust.com,0,0,1,0,0,1,0,-1,0,1,1,0,0
273,https://www.cpdtx.org/what-we-do/,cpdtx.org,0,0,0,0,0,0,1,-1,0,0,1,0,0
274,https://www.planetenergy.ca/career.asp,planetenergy.ca,0,0,0,0,0,1,1,-1,0,0,1,0,0
275,https://www.plumbingmaster.com/employment,plumbingmaster.com,0,0,0,0,0,0,0,-1,1,1,1,0,0
276,https://www.churchforallnations.org/,churchforallnations.org,0,0,0,0,0,1,-1,-1,0,0,1,1,1
277,https://www.visitjacksonville.com/things-to-do/sports/,visitjacksonville.com,0,0,0,0,0,0,0,-1,0,1,1,0,0
278,https://www.csnwinc.com/association-health-plans,csnwinc.com,0,0,0,0,0,1,1,-1,0,1,1,0,0
279,https://www.familymanage.com/capital-ideas/,familymanage.com,0,0,0,0,0,1,0,-1,0,0,1,0,0
280,https://www.thunderstudios.com/privacy/,thunderstudios.com,0,0,0,0,0,0,1,-1,0,0,1,0,0
281,https://www.godesys.de/,godesys.de,0,0,0,0,0,1,1,-1,1,1,1,0,0
282,https://www.kitro.hr/,kitro.hr,0,0,0,0,0,1,1,-1,0,0,1,0,0
283,https://www.humanus-zeitarbeit.de/erlaubnis-aue.html,humanus-zeitarbeit.de,0,0,0,0,0,0,1,-1,1,1,1,0,0
284,https://www.ghrfoundation.org/,ghrfoundation.org,0,0,0,0,0,1,0,-1,0,0,1,0,0
285,https://www.ncfta.net/training/,ncfta.net,0,0,0,0,0,1,1,-1,0,1,1,0,0
286,https://www.bluewall.com/services,bluewall.com,0,0,0,0,0,1,0,-1,0,1,1,0,0
287,https://valleyinnsiouxfalls.com/double-queen-guest-room.html,valleyinnsiouxfalls.com,0,0,0,0,0,1,1,-1,1,1,1,0,0
288,https://www.dietrich.de/pdf/zertifikate/TUEV-CERT-SCC-de.pdf,dietrich.de,0,0,0,0,0,1,1,-1,1,1,1,0,0
289,https://galobby.com/info/services/,galobby.com,0,0,0,0,0,1,1,-1,0,1,1,0,0
290,https://www.garland-group.com/,garland-group.com,0,0,0,0,0,0,0,-1,1,0,1,0,0
291,https://www.uscp.gov/media-center/uscp-fast-facts,uscp.gov,0,0,0,0,0,0,0,-1,1,1,1,0,0
292,https://www.1736fcc.org/index.html,1736fcc.org,0,0,0,0,0,1,0,-1,0,0,1,0,0
293,https://www.berrysmfg.com/category/ammo-boxes,berrysmfg.com,0,0,0,0,0,0,-1,-1,1,1,1,0,0
294,https://www.caresupply.co.jp/profile/message.html,caresupply.co.jp,0,0,0,0,0,1,1,-1,1,1,1,0,0
295,https://www.lohse-gmbh.de/de/service/index.php,lohse-gmbh.de,0,0,0,0,0,0,1,-1,1,1,1,0,0
296,https://www.nandis.jp/company/profile/,nandis.jp,0,0,0,0,0,1,1,-1,1,1,1,0,0
297,https://webmate.me/leased-lines/,webmate.me,0,0,0,0,0,0,1,-1,1,1,1,0,0
298,https://www.clari.net.au/vista-email-problems-with-timeouts-915/,clari.net.au,0,0,0,0,0,0,1,-1,1,1,1,0,0
299,https://www.gfa-electronic.at/feed/,gfa-electronic.at,0,0,0,0,0,1,1,-1,1,1,1,0,0
300,https://www.pichotta.at/schaltschrankbau-schaltanlagenbau/,pichotta.at,0,0,0,0,0,1,1,-1,1,1,1,0,0
301,https://www.opteamix.com/services/data-analytics/,opteamix.com,0,0,1,0,0,0,1,-1,1,1,1,0,0
302,http://pr.kaiserleadership.com/,pr.kaiserleadership.com,0,0,0,0,0,1,0,-1,1,1,1,0,0
303,https://www.rtpfcu.org/,rtpfcu.org,0,0,0,0,0,0,0,-1,0,1,1,0,0
304,https://www.pixelspoke.com/blog/marketing-strategy/top-takeaways-from-judging-the-cuna-diamond-and-mac-awards/,pixelspoke.com,0,0,0,0,0,0,0,-1,1,1,1,0,0
305,https://www.dabbolig.dk/login.aspx,dabbolig.dk,0,0,0,0,0,0,0,-1,0,0,1,0,0
306,https://www.sfera.ws/,sfera.ws,0,0,0,0,0,1,1,-1,1,1,1,0,0
307,https://www.afc.de/debitkarte.html,afc.de,0,0,0,0,0,1,1,-1,1,1,1,0,0
308,https://www.filatex.com/investors-corner,filatex.com,0,0,1,0,0,0,1,-1,0,1,1,0,0
309,https://www.vitalaxis.com/products/vitaloffice/index.html,vitalaxis.com,0,0,0,0,0,0,1,-1,0,0,1,0,0
310,https://www.fredonia.edu/,fredonia.edu,0,0,0,0,0,0,0,-1,1,1,1,0,0
311,https://assets.website-files.com/5ee143d77a8cdb1d5df8dde0/5ee2556c19eb8325c489856e_urbantech-footer-logo.svg,assets.website-files.com,0,0,0,0,0,1,1,-1,0,0,1,0,0
312,https://www.huvepharma.com/,huvepharma.com,0,0,0,0,0,0,0,-1,0,1,1,0,0
313,https://www.datahata.by/services/other/ssl-sertifikatyi/,datahata.by,0,0,0,0,0,0,1,-1,0,1,1,0,0
314,https://www.alphanumeric.com/patient-adherence-support/,alphanumeric.com,0,0,0,0,0,0,1,-1,0,1,1,0,0
315,https://www.kshautomotive.com/gallery/,kshautomotive.com,0,0,0,0,0,0,1,-1,0,1,1,0,0
316,https://www.omotesenke.jp/tobira.html,omotesenke.jp,0,0,0,0,0,0,1,-1,1,1,1,0,0
317,https://www.zurka.com/approach,zurka.com,0,0,0,0,0,1,1,-1,0,1,1,0,0
318,https://www.lafortezzavr.com/it-it/profilo.aspx,lafortezzavr.com,0,0,0,0,0,1,1,-1,0,1,1,0,0
319,https://www.downtownme.com/submit-listing.asp,downtownme.com,0,0,0,0,0,0,0,-1,0,1,1,0,0
320,https://www.veyo.com/technology/,veyo.com,0,0,0,0,0,0,1,-1,1,1,1,0,0
321,https://www.moriassociates.com/,moriassociates.com,0,0,0,0,0,0,1,-1,0,1,1,0,0
322,https://medavante-prophase.com/company/,medavante-prophase.com,0,0,0,0,0,1,1,-1,0,1,1,0,0
323,https://www.adaptris.com/feed/,adaptris.com,0,0,0,0,0,0,1,-1,1,1,1,0,0
324,https://www.techtarget.com/global-markets/,techtarget.com,0,0,1,0,0,1,1,-1,1,1,1,0,0
325,https://www.pcna.com/,pcna.com,0,0,0,0,0,0,1,-1,0,1,1,0,0
326,https://www.idras.com/blog,idras.com,0,0,0,0,0,0,0,-1,0,1,1,0,0
327,https://www.sumitronics.co.jp/recruit/index.html,sumitronics.co.jp,0,0,0,0,0,0,1,-1,1,1,1,0,0
328,https://www.qualityreducer.com/helical-gearbox-repair.html,qualityreducer.com,0,0,0,0,0,0,1,-1,1,1,1,0,0
329,https://www.coatsrose.com/attorneys/,coatsrose.com,0,0,0,0,0,0,1,-1,0,1,1,0,0
330,https://www.asmgmbh.de/tag/industriesteuerungen/,asmgmbh.de,0,0,0,0,0,1,1,-1,1,1,1,0,0
331,https://www.regulatoryaffairs.com/what-we-do/submission-competencies/,regulatoryaffairs.com,0,0,0,0,0,1,1,-1,0,0,1,0,0
332,https://www.fujichemical.co.jp/medical/medicine/f-melt/index.html,fujichemical.co.jp,0,0,0,0,0,0,1,-1,1,1,1,0,0
333,https://www.directed.com/brands/viper,directed.com,0,0,0,0,0,0,1,-1,0,1,1,0,0
334,https://www.teleconsys.it/contattaci/,teleconsys.it,0,0,0,0,0,0,1,1,0,1,1,0,0
335,https://www.rosnefteflot.ru/o-kompanii/istoriya-obshchestva/,rosnefteflot.ru,0,0,0,0,0,1,1,-1,0,1,1,0,0
336,https://www.s-bic.co.jp/product_category/block_accessory/,s-bic.co.jp,0,0,0,0,0,0,1,-1,1,1,1,0,0
337,https://www.virtion.de/safari-pinned-tab.svg,virtion.de,0,0,0,0,0,1,1,-1,1,1,1,0,0
338,https://www.cargonetwork.com.au/cn/home-cn/,cargonetwork.com.au,0,0,0,0,0,0,1,-1,1,1,1,0,0
339,https://www.phoenixapartments.co.uk/portfolio/oddfellows-heights/,phoenixapartments.co.uk,0,0,0,0,0,0,1,-1,0,1,1,0,0
340,https://twitter.com/conservanyc,twitter.com,0,0,0,0,0,1,-1,-1,1,0,1,0,0
341,https://www.global-paratransit.com/why-us/,global-paratransit.com,0,0,1,0,0,1,1,-1,0,1,1,0,0
342,https://www.drive-revenue.com/services/sales-process-definition/,drive-revenue.com,0,0,0,0,0,0,1,-1,1,1,1,0,0
343,http://www.sagellp.com/documents/new_construction.html,sagellp.com,0,0,0,0,0,1,0,-1,0,1,1,0,0
344,https://www.netgsm.com.tr/sanal-santral/netsantral.php,netgsm.com.tr,0,0,0,0,0,0,1,-1,0,1,1,0,0
345,https://www.novapdf.com/download.html,novapdf.com,0,0,0,0,0,0,1,-1,0,1,1,0,0
346,https://www.vulkaneifel.de/aktuelles.html,vulkaneifel.de,0,0,0,0,0,0,0,-1,1,1,1,0,0
347,https://www.unistarpro.si/naprednokomuniciranje,unistarpro.si,0,0,0,0,0,0,0,-1,0,0,1,0,0
348,https://www.windiam.net/home/rough/,windiam.net,0,0,0,0,0,1,0,-1,0,0,1,0,0
349,https://www.scottins.com/for-the-individual/,scottins.com,0,0,0,0,0,0,1,-1,0,1,1,0,0
350,https://www.ypdcpas.com/monthly-news,ypdcpas.com,0,0,0,0,0,1,0,-1,0,0,1,0,0
351,https://www.controlsoftinc.com/careers/,controlsoftinc.com,0,0,0,0,0,1,1,-1,0,1,1,0,0
352,https://www.etd.com/contact/,etd.com,0,0,0,0,0,0,1,-1,1,1,1,0,0
353,https://www.invex.us/contact,invex.us,0,0,0,0,0,1,0,-1,0,0,1,0,0
354,https://www.interaction-interim.com/trouver-un-emploi/avantages-candidats,interaction-interim.com,0,0,0,0,0,0,0,-1,1,1,1,0,0
355,https://www.fuckbet.ru/site/experts,fuckbet.ru,0,0,0,0,0,1,0,-1,0,0,1,0,0
356,https://www.recsilicon.com/investors/corporate-governance/agm,recsilicon.com,0,0,0,0,0,0,0,-1,0,1,1,0,0
357,https://www.raisaenergy.com/,raisaenergy.com,0,0,0,0,0,1,-1,-1,1,1,1,1,1
358,https://www.cdsofficefurniture.com/HON_furniture.php,cdsofficefurniture.com,0,0,0,0,0,1,1,-1,0,1,1,0,0
359,https://www.owensdesign.com/,owensdesign.com,0,0,0,0,0,0,1,-1,1,0,1,0,0
360,https://www.taskeasy.com/lawnmowing,taskeasy.com,0,0,0,0,0,0,0,-1,0,1,1,0,0
361,https://www.idatatech.com/feed/,idatatech.com,0,0,0,0,0,1,1,-1,0,1,1,0,0
362,https://www.iij-engineering.co.jp/service/support/,iij-engineering.co.jp,0,0,0,0,0,1,1,-1,1,1,1,0,0
363,https://www.bearskinairlines.com/connecting,bearskinairlines.com,0,0,0,0,0,0,0,-1,0,1,1,0,0
364,https://www.centraxgroup.com/,centraxgroup.com,0,0,0,0,0,1,-1,-1,0,1,1,1,1
365,https://www.kctvjeju.com/product/internet.kctv,kctvjeju.com,0,0,0,0,0,0,1,1,1,1,1,0,0
366,https://static.tildacdn.com/tild6135-3161-4831-b361-316535613137/logodon.svg,static.tildacdn.com,0,0,0,0,0,1,1,-1,1,1,1,0,0
367,https://www.isatis.nl/over-ons/cyber-security,isatis.nl,0,0,0,0,0,1,1,-1,1,1,1,0,0
368,https://www.vpfinance.com/,vpfinance.com,0,0,0,0,0,1,-1,-1,0,0,1,1,1
369,https://www.temac.jp/houjin/,temac.jp,0,0,0,0,0,1,1,-1,1,1,1,0,0
370,https://www.sumcosi.com/contact/,sumcosi.com,0,0,0,0,0,0,0,-1,0,1,1,0,0
371,https://www.gov.uk/help/privacy-notice,gov.uk,0,0,0,0,0,1,0,-1,1,1,1,0,0
372,https://www.kyoto-saga.ac.jp/contact/,kyoto-saga.ac.jp,0,0,0,0,0,0,1,1,1,1,1,0,0
373,https://www.publicworksgroup.com/index.php/ccm/assets/localization/core/js,publicworksgroup.com,0,0,0,0,0,1,1,-1,1,0,1,0,0
374,https://www.ouachitafire.org/,ouachitafire.org,0,0,0,0,0,1,1,-1,0,1,1,0,0
375,https://www.phoenix-holding.de/,phoenix-holding.de,0,0,0,0,0,1,1,-1,1,1,1,0,0
376,https://www.micware.co.jp/corporate/industrialPropertyRights.html,micware.co.jp,0,0,0,0,0,1,1,-1,1,1,1,0,0
377,https://pronto-core-cdn.prontomarketing.com/2/wp-content/uploads/sites/3151/2019/05/icon-schedule.svg,pronto-core-cdn.prontomarketing.com,0,0,0,0,0,0,1,-1,1,0,1,0,0
378,https://www.duplicatingproducts.com/meter-reading,duplicatingproducts.com,0,0,0,0,0,0,0,-1,0,1,1,0,0
379,https://www.diligente.nl/projecten,diligente.nl,0,0,0,0,0,1,1,-1,1,1,1,0,0
380,https://www.soft-consult.net/kontakt/,soft-consult.net,0,0,0,0,0,0,1,-1,0,0,1,0,0
381,https://www.quincybioscience.com/about/,quincybioscience.com,0,0,0,0,0,0,-1,-1,0,1,1,1,1
382,https://www.blackhawkrental.com/equipment-rentals.asp,blackhawkrental.com,0,0,0,0,0,1,0,-1,0,1,1,0,0
383,https://www.medway.nhs.uk/services/,medway.nhs.uk,0,0,0,0,0,0,0,-1,1,1,1,0,0
384,https://www.tegodata.com/environments/security/,tegodata.com,0,0,0,0,0,0,-1,-1,1,1,1,1,1
385,https://www.kranszwald.ro/wp-includes/wlwmanifest.xml,kranszwald.ro,0,0,0,0,0,1,1,-1,0,1,1,0,0
386,https://www.kerkhofftech.ca/wp-includes/wlwmanifest.xml,kerkhofftech.ca,0,0,0,0,0,0,1,-1,0,0,1,0,0
387,https://www.linuxforce.com.br/curso-linux/curso-devops-ao-vivo-50-horas/,linuxforce.com.br,0,0,0,0,0,0,1,-1,1,1,1,0,0
388,https://www.osborndrugs.com/css/custom,osborndrugs.com,0,0,0,0,0,0,1,-1,0,0,1,0,0
389,https://www.sunspreetravelpartner.com/,sunspreetravelpartner.com,0,0,0,0,0,1,1,-1,0,1,1,0,0
390,https://www.snoasismedical.com/research,snoasismedical.com,0,0,0,0,0,1,0,-1,0,1,1,0,0
391,https://www.goodwinconsultinggroup.net/,goodwinconsultinggroup.net,0,0,0,0,0,0,1,-1,0,0,1,0,0
392,https://www.cobus-industries.de/produkte/cobus-3000/,cobus-industries.de,0,0,0,0,0,0,1,-1,1,1,1,0,0
393,https://www.meyermotosyamaha.com/,meyermotosyamaha.com,0,0,0,0,0,1,1,-1,1,1,1,0,0
394,https://www.ccdistributors.com/,ccdistributors.com,0,0,0,0,0,0,1,-1,0,1,1,0,0
395,https://www.influencefx.com/analyse-seo-gratuite,influencefx.com,0,0,1,0,0,1,0,-1,1,0,1,0,0
396,https://www.seti-telecom.com/servizi/,seti-telecom.com,0,0,0,0,0,1,1,-1,0,0,1,0,0
397,https://www.apple.com/cm/,apple.com,0,0,0,0,0,1,0,-1,1,0,1,0,0
398,https://www.goklg.com/david-l-gresen/,goklg.com,0,0,0,0,0,1,1,-1,0,1,1,0,0
399,https://www.cvd-insurance.com/van-insurance,cvd-insurance.com,0,0,0,0,0,1,-1,-1,0,0,1,1,1
400,https://www.southernfinancialsystems.com/sitemap.html,southernfinancialsystems.com,0,0,0,0,0,0,1,-1,0,1,1,0,0
401,https://www.ew-cs.com/,ew-cs.com,0,0,0,0,0,1,-1,-1,1,1,1,1,1
402,https://www.faulukenya.com/index.php/news-updates/downloads,faulukenya.com,0,0,0,0,0,0,1,-1,1,1,1,0,0
403,https://www.olsonmeat.com/,olsonmeat.com,0,0,1,0,0,1,1,-1,0,1,1,0,0
404,https://www.e-mordovia.ru/,e-mordovia.ru,0,0,0,0,0,0,-1,-1,0,1,1,1,1
405,https://www.telecombis.ru/index.php/services/internet,telecombis.ru,0,0,0,0,0,0,1,-1,0,1,1,0,0
406,https://www.nmkkk.co.jp/about/activities/index.html,nmkkk.co.jp,0,0,0,0,0,1,0,-1,1,1,1,0,0
407,https://www.tartansupply.com/Company.html,tartansupply.com,0,0,0,0,0,1,1,-1,0,1,1,0,0
408,https://www.snackbar-eberbach.de/menu/Vorspeisen,snackbar-eberbach.de,0,0,0,0,0,1,1,1,1,1,1,0,0
409,https://www.ace-tech.info/inquiry.php,ace-tech.info,0,0,0,0,0,1,0,-1,0,1,1,0,0
410,https://www.cdx.co.jp/info/access.html,cdx.co.jp,0,0,1,0,0,1,1,-1,1,1,1,0,0
411,https://www.setelagos.com.br/comments/feed/,setelagos.com.br,0,0,0,0,0,1,1,-1,1,1,1,0,0
412,https://www.rogersclem.com/contact,rogersclem.com,0,0,0,0,0,1,1,1,0,1,1,0,0
413,https://www.heatava.ee/wp-content/themes/heatava/img/icons/right-arrow.svg,heatava.ee,0,0,0,0,0,1,1,-1,0,1,1,0,0
414,https://www.sanoma.com/en/sustainability/,sanoma.com,0,0,0,0,0,0,0,-1,0,1,1,0,0
415,https://www.stress.com/news-media/,stress.com,0,0,0,0,0,0,1,-1,0,0,1,0,0
416,https://www.rio.k12.wi.us/middlehigh-school/virtual-learning,rio.k12.wi.us,0,0,0,0,0,0,1,-1,1,1,1,0,0
417,https://www.jbws.org/about/career-opportunities/,jbws.org,0,0,0,0,0,1,-1,-1,0,0,1,1,1
418,https://www.karrell.it/azienda/i-nostri-partners.html,karrell.it,0,0,0,0,0,1,1,-1,0,1,1,0,0
419,https://cri.it/wp-json/,cri.it,0,0,0,0,0,0,1,-1,0,0,1,0,0
420,https://www.catolicasc.org.br/inscreva-se/,catolicasc.org.br,0,0,0,0,0,0,0,-1,1,1,1,0,0
421,https://www.novoconsult.co.at/kontakt/,novoconsult.co.at,0,0,1,0,0,1,1,-1,1,1,1,0,0
422,https://www.foodexpo.kz/,foodexpo.kz,0,0,0,0,0,1,0,-1,1,1,1,0,0
423,https://www.toyota-tsusho-europe.com/toyota-tsusho-europe-italy,toyota-tsusho-europe.com,0,0,0,0,0,0,1,1,1,1,1,0,0
424,https://cyberwebhotels.com/web-development.htm,cyberwebhotels.com,0,0,0,0,0,1,1,-1,1,1,1,0,0
425,https://www.bridgetechnologies.com/,bridgetechnologies.com,0,0,0,0,0,1,1,-1,1,1,1,0,0
426,https://www.toolup.com/deal-center,toolup.com,0,0,0,0,0,0,0,1,0,1,1,0,0
427,https://www.sdfunding.com/legal/,sdfunding.com,0,0,0,0,0,0,1,-1,0,1,1,0,0
428,https://www.sandiegobloodbank.org/news-and-events,sandiegobloodbank.org,0,0,0,0,0,0,0,-1,0,0,1,0,0
429,https://www.lernersolutions.com/phonesystemsandvoip,lernersolutions.com,0,0,0,0,0,0,1,-1,0,0,1,0,0
430,https://www.aiftherapy.com/3.html,aiftherapy.com,0,0,0,0,0,1,1,-1,0,0,1,0,0
431,https://www.propaneresources.com/,propaneresources.com,0,0,0,0,0,1,1,-1,0,1,1,0,0
432,https://www.elmsrental.com/submit-reviews-testimonials-mowers-loaders-snowblowers-dealership--xsurvey,elmsrental.com,0,0,0,0,0,1,-1,-1,0,1,1,0,0
433,https://www.koeb-oele.at/mobil-schmierstoffe/nutzfahrzeugoele/hochleistungsmotorenoele.html,koeb-oele.at,0,0,0,0,0,1,1,-1,1,1,1,0,0
434,https://www.infoself.com/wp-json/,infoself.com,0,0,0,0,0,0,1,-1,1,1,1,0,0
435,https://www.tchibo.com/blog,tchibo.com,0,0,0,0,0,0,1,-1,1,1,1,0,0
436,https://www.f1-networks.com/,f1-networks.com,0,0,0,0,0,1,1,-1,1,1,1,0,0
437,https://www.cyber-image.com/vr.htm,cyber-image.com,0,0,0,0,0,1,1,-1,1,0,1,0,0
438,https://www.aspendental.com/dental-services/emergency-dental-care,aspendental.com,0,0,0,0,0,1,1,-1,0,1,1,0,0
439,https://www.ampmservice.com/covid19,ampmservice.com,0,0,0,0,0,0,0,-1,0,1,1,0,0
440,https://www.s-quest.co.jp/business/,s-quest.co.jp,0,0,1,0,0,1,1,-1,1,1,1,0,0
441,https://www.cameronmccarthy.com/feed/,cameronmccarthy.com,0,0,0,0,0,1,-1,-1,0,0,1,1,1
442,https://www.weather.gov/,weather.gov,0,0,0,0,0,1,0,-1,1,1,1,0,0
443,https://www.applesi.com/dealership/directions.htm,applesi.com,0,0,0,0,0,0,0,-1,1,1,1,0,0
444,https://www.kellin.net/assets/downloads/VOiP_disconnect.pdf,kellin.net,0,0,0,0,0,0,1,-1,0,0,1,0,0
445,https://www.uniteltmais.cv/index.php/oferta/roaming,uniteltmais.cv,0,0,0,0,0,0,0,1,1,1,1,0,0
446,https://www.univ-jfc.fr/actu/confinement-reorganisation-des-examens,univ-jfc.fr,0,0,0,0,0,0,0,-1,0,1,1,0,0
447,https://www.italinox.cz/tyce,italinox.cz,0,0,0,0,0,1,1,-1,0,1,1,0,0
448,https://www.way-s.cn/Modeling-Technical-Support.html,way-s.cn,0,0,0,0,0,1,1,-1,0,1,1,0,0
449,https://www.bluesky.bank/about-us/locations,bluesky.bank,0,0,0,0,0,0,1,-1,1,1,1,0,0
450,https://www.sbv-ztgmbh.at/,sbv-ztgmbh.at,0,0,0,0,0,1,1,-1,1,1,1,0,0
451,https://www.phinance.pl/aktualnosci,phinance.pl,0,0,0,0,0,0,0,-1,0,0,1,0,0
452,https://www.kpu-m.ac.jp/doc/about/access.html,kpu-m.ac.jp,0,0,0,0,0,0,0,-1,1,1,1,0,0
453,https://www.bankofmorton.com/home.html,bankofmorton.com,0,0,0,0,0,1,1,-1,0,1,1,0,0
454,https://www.visionmarket.it/negozi/,visionmarket.it,0,0,0,0,0,1,1,-1,0,0,1,0,0
455,https://www.berguy.fr/politique-de-confidentialite/,berguy.fr,0,0,0,0,0,1,1,-1,0,1,1,0,0
456,https://www.ycnrg.org/,ycnrg.org,0,0,0,0,0,1,1,-1,0,0,1,0,0
457,https://www.clips.co.jp/about-us,clips.co.jp,0,0,0,0,0,1,1,-1,1,1,1,0,0
458,https://www.hoellinger-juice.at/news-and-infos/downloads/,hoellinger-juice.at,0,0,0,0,0,0,0,-1,1,1,1,0,0
459,https://www.landcor.com/about-us,landcor.com,0,0,0,0,0,0,1,-1,0,1,1,0,0
460,https://www.mariettaga.gov/27/Visitors,mariettaga.gov,0,0,0,0,0,0,1,-1,1,1,1,0,0
461,https://www.089-schluesseldienst.com/zh-hant/,089-schluesseldienst.com,0,0,1,0,0,1,1,-1,1,0,1,0,0
462,https://www.campo-lindo.cl/despacho/,campo-lindo.cl,0,0,0,0,0,1,1,-1,0,1,1,0,0
463,https://www.gdfz.edu.cn/Item/4481.aspx,gdfz.edu.cn,0,0,0,0,0,1,-1,-1,1,1,1,1,1
464,https://www.drk-herford-land.de/jetzt-spenden.html,drk-herford-land.de,0,0,0,0,0,1,0,-1,1,1,1,0,0
465,https://www.paradigmre.com/,paradigmre.com,0,0,0,0,0,1,0,-1,0,1,1,0,0
466,https://www.amt-law.com/,amt-law.com,0,0,0,0,0,0,0,-1,1,1,1,0,0
467,https://www.eatapitavilleky.com/,eatapitavilleky.com,0,0,0,0,0,1,-1,-1,0,1,1,1,1
468,https://www.twinplex.com/metal-cases.html,twinplex.com,0,0,1,0,0,1,1,-1,1,0,1,0,0
469,https://www.gratonresortcasino.com/graton-rewards/,gratonresortcasino.com,0,0,0,0,0,0,1,-1,0,1,1,0,0
470,https://www.mcw.net/services/,mcw.net,0,0,0,0,0,1,1,-1,0,1,1,0,0
471,https://www.jfl.co.jp/merit.php,jfl.co.jp,0,0,0,0,0,1,1,-1,1,1,1,0,0
472,https://www.nee.com/,nee.com,0,0,0,0,0,0,-1,-1,1,0,1,1,1
473,https://www.universalpersonnel.co.uk/wp-includes/wlwmanifest.xml,universalpersonnel.co.uk,0,0,0,0,0,1,1,-1,0,1,1,0,0
474,https://uploads-ssl.webflow.com/5b6d977a41c616d0796c5ae8/5b6d977a41c6167c0d6c5af5_facebook-icon2.svg,uploads-ssl.webflow.com,0,0,0,0,0,1,1,-1,0,1,1,0,0
475,https://www.brauerei-rapp.de/Account/TourdatesOverview,brauerei-rapp.de,0,0,0,0,0,0,1,1,1,1,1,0,0
476,https://www.acceptlease.com/tax-savings-calculator.html,acceptlease.com,0,0,0,0,0,1,1,-1,0,1,1,0,0
477,https://www.interstatecargo.com/warranty.php,interstatecargo.com,0,0,0,0,0,0,0,-1,1,1,1,0,0
478,https://www.bisbank.com.ua/platizhni-kartky/,bisbank.com.ua,0,0,0,0,0,0,1,-1,1,1,1,0,0
479,https://www.ganzgraph.de/service/kontakt/,ganzgraph.de,0,0,0,0,0,1,0,-1,1,1,1,0,0
480,http://www.winonafoods.com/retail,winonafoods.com,0,0,0,0,0,0,1,-1,0,0,1,0,0
481,https://www.lepida.net/home,lepida.net,0,0,0,0,0,0,0,-1,0,1,1,0,0
482,https://www.williamslawllc.com/criminal-defense/,williamslawllc.com,0,0,0,0,0,1,1,-1,0,1,1,0,0
483,https://www.ppfinsurance.ru/products/dlya-vzroslykh/perspektiva/,ppfinsurance.ru,0,0,0,0,0,0,0,1,0,0,1,0,0
484,https://www.mooiedomeinnaam.nl/afrekenen/tegelhal.nl,mooiedomeinnaam.nl,0,0,0,0,0,0,1,-1,1,1,1,0,0
485,https://www.mteck.nl/,mteck.nl,0,0,0,0,0,1,0,1,1,1,1,0,0
486,https://www.fibrewiredburlington.com/category-04-1.html,fibrewiredburlington.com,0,0,0,0,0,1,1,-1,0,1,1,0,0
487,https://www.it-vitamine.at/,it-vitamine.at,0,0,0,0,0,1,1,-1,1,1,1,1,0
488,https://www.meretgolf.com/,meretgolf.com,0,0,0,0,0,0,0,-1,1,1,1,0,0
489,https://www.preferredcarriers.com/wp-includes/wlwmanifest.xml,preferredcarriers.com,0,0,0,0,0,1,1,-1,1,1,1,0,0
490,https://www.autocastillo.cl/servicio-tecnico.php,autocastillo.cl,0,0,0,0,0,0,1,-1,0,1,1,0,0
491,https://www.pflege-kunze.de/kontakt,pflege-kunze.de,0,0,0,0,0,1,-1,-1,1,1,1,0,0
492,https://www.bmcsolutions.com.au/search-engine-optimisation,bmcsolutions.com.au,0,0,0,0,0,0,1,1,1,1,1,0,0
493,https://www.equinox.co.nz/what-we-do/cloud,equinox.co.nz,0,0,1,0,0,0,1,-1,1,1,1,0,0
494,https://www.coste-fermon.fr/,coste-fermon.fr,0,0,0,0,0,1,1,1,0,0,1,0,0
495,https://www.torann-france.fr/certification-mase-uic,torann-france.fr,0,0,0,0,0,0,1,-1,0,0,1,0,0
496,https://www.trevotrend.com/birgit.html,trevotrend.com,0,0,0,0,0,1,-1,-1,0,1,1,1,1
497,https://www.pref.nagasaki.jp/bunrui/hukushi-hoken/kansensho/corona_kaiken/corona_onegai23-corona_kaiken/,pref.nagasaki.jp,0,0,0,0,0,1,0,-1,1,1,1,0,0
498,https://www.tib.co.tz/tibdfi,tib.co.tz,0,0,0,0,0,0,1,-1,1,1,1,0,0
499,https://chez-matsuo.com/guide/privacy.php,chez-matsuo.com,0,0,0,0,0,1,1,-1,0,1,1,0,0
